LogTime_s,CTUNAltitude_m,SimAltitude_m,DesiredAltitude_m,CTUNClimb_mps,SimClimb_mps,AltitudeError_m
70.019932,0.396279573440552,0.391171108420856,0.483218938112259,0.10430470854044,0.0965655738267725,-0.00510846501969608
70.119939,0.408585548400879,0.400633525483536,0.48347008228302,0.137154519557953,0.0935615458223988,-0.00795202291734309
70.219913,0.418856412172318,0.410146823393509,0.484722971916199,0.118116945028305,0.0980803609959819,-0.00870958877880879
70.319927,0.431806832551956,0.420569527328226,0.487935483455658,0.0888383612036705,0.111731334442691,-0.0112373052237303
70.419925,0.447432219982147,0.432819490783376,0.494074642658234,0.117049299180508,0.134664633362448,-0.0146127291987711
70.519866,0.464816391468048,0.447820386604127,0.504099428653717,0.120614990592003,0.166926915910963,-0.0169960048639215
70.619938,0.485466152429581,0.466529732741536,0.518872797489166,0.183107495307922,0.208315194535719,-0.0189364196880446
70.719941,0.507648527622223,0.489800610458272,0.539188861846924,0.184965506196022,0.258352728616457,-0.0178479171639513
70.819917,0.536017596721649,0.518493226573739,0.565907895565033,0.338241100311279,0.316885145201714,-0.0175243701479104
70.919926,0.572175800800323,0.553474502262965,0.599907636642456,0.336685389280319,0.38391197790632,-0.0187012985373581
71.019912,0.615590035915375,0.59556921091951,0.642079949378967,0.528648436069489,0.45924212705012,-0.0200208249958648
71.11997,0.664890766143799,0.645574868456258,0.693213403224945,0.532558798789978,0.540743842874588,-0.0193158976875407
71.219929,0.721281707286835,0.703807064864379,0.753614664077759,0.621491193771362,0.624474605454719,-0.0174746424224559
71.319967,0.784731268882751,0.770491402032869,0.823296189308167,0.776064455509186,0.708676228177937,-0.0142398668498825
71.419938,0.859717428684235,0.845568310376209,0.902249276638031,0.8152095079422,0.793335907502408,-0.014149118308026
71.519935,0.947281062602997,0.929117818430988,0.990441262722015,0.961450278759003,0.877220397355146,-0.0181632441720088
71.619928,1.04890847206116,1.02085988384543,1.08753430843353,1.07707464694977,0.956688950028231,-0.02804858821573
71.719917,1.16534054279327,1.1201924515577,1.19278562068939,1.14287793636322,1.02902824475739,-0.0451480912355748
71.819886,1.29151713848114,1.22636690994336,1.3053092956543,1.26634407043457,1.0939633761894,-0.0651502285377812
71.919868,1.42173886299133,1.33867553654501,1.42424869537354,1.30520045757294,1.15143816134798,-0.0830633264463194
72.019921,1.55409574508667,1.45642888162469,1.54870462417603,1.36490738391876,1.20114133322275,-0.0976668634619791
72.119904,1.68944180011749,1.57868853356213,1.67777895927429,1.33228313922882,1.24333017712424,-0.110753266555366
72.219915,1.830246925354,1.70481589587367,1.8105640411377,1.46208250522614,1.27768591564704,-0.125431029480331
72.319904,1.97304809093475,1.83395019551229,1.94614470005035,1.4791157245636,1.30405626801155,-0.139097895422462
72.41994,2.11765623092651,1.96537143746551,2.08360695838928,1.44259643554688,1.32211919070166,-0.152284793461003
72.519948,2.25942230224609,2.09816822852711,2.22203707695007,1.45118284225464,1.33263696756329,-0.161254073718988
72.619905,2.39988231658936,2.23169726614169,2.36078095436096,1.44254803657532,1.33887003405347,-0.168185050447668
72.719881,2.53240299224854,2.36580558137141,2.49964690208435,1.39110469818115,1.34363374519808,-0.166597410877123
72.819899,2.66411232948303,2.50028462641855,2.63837504386902,1.38215851783752,1.34440637928083,-0.163827703064487
72.919916,2.79627203941345,2.6344534835298,2.77620983123779,1.40315067768097,1.33721181170265,-0.161818555883647
73.019962,2.92779731750488,2.76749089257471,2.91221284866333,1.36780273914337,1.32095291679534,-0.16030642493017
73.119928,3.05495476722717,2.89835820832041,3.04543209075928,1.33538770675659,1.29600954881528,-0.156596558906764
73.219911,3.18139624595642,3.02630323225044,3.17491340637207,1.33632326126099,1.26195514055624,-0.155093013705981
73.319947,3.30714273452759,3.15043821345529,3.29969811439514,1.30594050884247,1.218459650234,-0.156704521072295
73.419929,3.42910885810852,3.26970101730871,3.41882610321045,1.19011402130127,1.16592286610491,-0.159407840799811
73.519979,3.54769778251648,3.383320456784,3.53132796287537,1.10966074466705,1.10391483002295,-0.164377325732483
73.619943,3.65829563140869,3.49018563810514,3.63623952865601,1.0858588218689,1.03284406734827,-0.168109993303556
73.720029,3.76238512992859,3.58960060090128,3.73261880874634,0.995575070381165,0.952453324117203,-0.172784529027313
73.819916,3.85648512840271,3.68044157373637,3.8195948600769,0.86905711889267,0.8659962084776,-0.176043554666343
73.919947,3.94063949584961,3.76261885052358,3.89694857597351,0.788841903209686,0.776852194915248,-0.178020645326032
74.019872,4.01407241821289,3.8357582491918,3.96462106704712,0.668231844902039,0.686983257506651,-0.178314169021094
74.119933,4.07345294952393,3.89994733049995,4.02259063720703,0.559515058994293,0.595900100220881,-0.173505619023978
74.219939,4.12024116516113,3.95499753437555,4.07086610794067,0.442670196294785,0.505584484815176,-0.165243630785581
74.319904,4.15165710449219,4.00120904479925,4.10985040664673,0.295337647199631,0.420024171612911,-0.15044805969294
74.419941,4.17439079284668,4.03925092059751,4.1404504776001,0.283515989780426,0.341734373906785,-0.135139872249171
74.519914,4.19318962097168,4.06986268777759,4.16378450393677,0.152671918272972,0.272067507934338,-0.123326933194093
74.619945,4.20555543899536,4.09399494417902,4.18100118637085,0.0870234295725822,0.211969591783153,-0.111560494816341
74.719889,4.21143770217896,4.11261101454703,4.19317579269409,0.0989812463521957,0.162156861789372,-0.0988266876319219
74.819943,4.2144193649292,4.12676835165329,4.20128536224365,0.0254770182073116,0.122359457488441,-0.0876510132759121
74.919929,4.21513557434082,4.13741625694471,4.20621347427368,-0.0364031977951527,0.0920251795344929,-0.0777193173961139
75.019923,4.21682262420654,4.14546793826444,4.20878314971924,-0.0636854246258736,0.0702763213205706,-0.071354685942107
75.119888,4.21929454803467,4.15174197127914,4.20978498458862,-0.0969563126564026,0.0564070653772109,-0.0675525767555269
75.219908,4.22293901443481,4.15699103200094,4.20999193191528,-0.09256761521101,0.0494526534747742,-0.0659479824338698
75.319938,4.22979402542114,4.16178413997762,4.21000099182129,-0.0336730368435383,0.0465867474763604,-0.0680098854435238
75.419918,4.2369270324707,4.1663249354732,4.21000099182129,-0.103649400174618,0.0441762093305685,-0.0706020969975034
75.519947,4.2428994178772,4.1706033211985,4.21000099182129,-0.0311387330293655,0.0413082546932289,-0.0722960966786932
75.619903,4.24986553192139,4.17457841930656,4.21000099182129,0.00875389203429222,0.0382136671018866,-0.0752871126148271
75.719918,4.25626420974731,4.17824510531029,4.21000099182129,-0.0748900175094604,0.0351371087479444,-0.0780191044370264
75.819916,4.26214170455933,4.18161369129276,4.21000099182129,-0.106888718903065,0.0322931780533814,-0.080528013266564
75.91996,4.2699294090271,4.18471512046643,4.21000099182129,-0.0538776963949203,0.0297744094272268,-0.0852142885606728
76.019955,4.27732753753662,4.18757884558261,4.21000099182129,-0.0459172539412975,0.0275577515061672,-0.089748691954016
76.120174,4.2834300994873,4.19023648245899,4.21000099182129,-0.0545136258006096,0.0255178415810325,-0.0931936170283123
76.220179,4.29059028625488,4.19268872445052,4.21000099182129,-0.0576531738042831,0.0235437505072429,-0.0979015618043615
76.320166,4.30065202713013,4.19494082109113,4.21000099182129,-0.107498839497566,0.0215167340204249,-0.105711206039
76.420191,4.30826330184937,4.19698709583162,4.21000099182129,-0.0360338762402534,0.0194091243952033,-0.111276206017749
76.520106,4.31468296051025,4.19881786469053,4.21000099182129,-0.0878914669156075,0.017257629639659,-0.115865095819725
76.620134,4.3179817199707,4.20043775545144,4.21000099182129,-0.0753161907196045,0.0151708103258746,-0.117543964519268
76.72016,4.31668138504028,4.20185890544053,4.21000099182129,-0.113190494477749,0.0133044652638206,-0.114822479599753
76.820096,4.31462144851685,4.20310857611392,4.21000099182129,-0.108033984899521,0.011772412901187,-0.111512872402931
76.920178,4.31121349334717,4.20422432191797,4.21000099182129,-0.0812353044748306,0.0105815019608149,-0.106989171429193
77.020089,4.30806303024292,4.20523333933444,4.21000099182129,-0.143792256712914,0.0096535771912101,-0.102829690908482
77.120155,4.30417060852051,4.20615953346637,4.21000099182129,-0.118028998374939,0.00887633666835849,-0.0980110750541385
77.220098,4.29598999023438,4.20701098423746,4.21000099182129,-0.12818717956543,0.00816935394391799,-0.0889790059969151
77.320118,4.28595447540283,4.20779382700744,4.21000099182129,-0.120892144739628,0.00748666121273301,-0.0781606483953956
77.420142,4.27581262588501,4.2085089106763,4.21000099182129,-0.111570775508881,0.0068134694604245,-0.0673037152087073
77.52013,4.26591110229492,4.20915710759721,4.21000099182129,-0.0989239513874054,0.00615727834418112,-0.056753994697714
77.619919,4.25642681121826,4.20974028267232,4.21000099182129,-0.0505993999540806,0.00553889741820691,-0.0466865285459415
77.719937,4.24305868148804,4.21026536263452,4.21000099182129,-0.0509919449687004,0.0049702776209637,-0.0327933188535185
77.819941,4.22768306732178,4.21073617109705,4.21000099182129,-0.0826396942138672,0.00445427860744098,-0.0169468962247237
77.919915,4.2139778137207,4.21115765576763,4.21000099182129,-0.0367771871387959,0.00398555011003993,-0.00282015795307355
78.019917,4.20405054092407,4.21153452053419,4.21000099182129,0.0112178912386298,0.00355961441562143,0.00748397961011449
78.119926,4.19550943374634,4.21187089293061,4.21000099182129,-0.0462185740470886,0.00317459454703845,0.0163614591842673
78.219893,4.19025659561157,4.21217060560349,4.21000099182129,0.0129711385816336,0.00282841119542712,0.0219140099919146
78.319918,4.18553352355957,4.21243764424882,4.21000099182129,0.0058809076435864,0.00251720481748841,0.0269041206892453
78.419931,4.17963123321533,4.21267512931413,4.21000099182129,0.0472472794353962,0.0022377139145764,0.0330438960987935
78.519918,4.17316961288452,4.21288607472647,4.21000099182129,0.018443763256073,0.00198747011465375,0.0397164618419454
78.619897,4.16755676269531,4.21307338609998,4.21000099182129,0.062511257827282,0.00176443986979419,0.0455166234046676
78.719954,4.17004680633545,4.21323978454345,4.21000099182129,0.0343018062412739,0.00156622507658221,0.0431929782080012
78.819999,4.17526149749756,4.21338747742143,4.21000099182129,0.0507460162043571,0.00139024615518921,0.0381259799238762
78.919944,4.17868804931641,4.21351844057107,4.21000099182129,0.0370000600814819,0.00123384616135827,0.034830391254661
79.019962,4.17871427536011,4.21363472259595,4.21000099182129,0.0227169562131166,0.00109435779268085,0.0349204472358409
79.119934,4.17590856552124,4.21373777445282,4.21000099182129,0.0255708638578653,0.000969997004800987,0.0378292089315773
