LogTime_s,GPSNorth_m,GPSEast_m,SimNorth_m,SimEast_m,HorizontalError_m
70.040173,0,0.0135263435155123,-0.00497698722772124,0.0109871791623272,0.00558728534060916
70.240223,0,0.020307952257808,-0.00749323816085561,0.0218301063072914,0.0076462782506041
70.440321,-0.0111319492094164,0.0270895610001038,-0.00527101160590482,0.0277103751203804,0.00589372545714431
70.640276,-0.0111319492094164,0.0406527784696372,-0.00232041342903514,0.032086640833465,0.0122890958500121
70.86049,-0.0111319492094164,0.0542159959542288,0.000469799102651822,0.0358477828567253,0.0217253726387345
71.040273,0,0.0745608221660579,0.00360482336260756,0.0378709291937343,0.0368665566305855
71.240228,0,0.0813424309083537,0.00862217548473635,0.0391403749648848,0.0430738370237116
71.440275,0.0111319492094164,0.0813424309083537,0.0144013854687989,0.0398929018586231,0.0415782716319309
71.640279,0,0.0813424309083537,0.0200611764280466,0.0405486106951647,0.0454597246721008
71.86038,0.0111319492094164,0.101687257120183,0.0262364415002058,0.0412073280618959,0.0623375288751322
72.040212,0.0222638984188328,0.115250474589716,0.0315833897489404,0.0416016095970735,0.074236165265701
72.240021,0.0111319492094164,0.108468865862479,0.0378070820658271,0.0419057002881764,0.0717092582877493
72.439994,0.0222638984188328,0.115250474589716,0.0440129822391189,0.0421801729789058,0.0762383868173812
72.640026,0.0333958476282492,0.115250474589716,0.0500090103435768,0.0424819144528986,0.0746408770030979
72.860536,0.0445277968376656,0.108468865862479,0.0564288883788934,0.042814028134483,0.0667247607486316
73.039995,0.0445277968376656,0.0881240396355913,0.0615623509212387,0.0430551933325568,0.0481806697744305
73.240039,0.0333958476282492,0.0813424309083537,0.0671280406603186,0.0432778318021027,0.0508603436074944
73.44003,0.0333958476282492,0.0813424309083537,0.0724025856753013,0.0434460865432651,0.0543843592341468
73.640026,0.0445277968376656,0.0881240396355913,0.0772222637875415,0.0435697184792531,0.0552631495920985
73.861042,0.0556597452561094,0.108468865862479,0.0802125301114685,0.04369723783858,0.0692690626544047
74.040075,0.0667916944655258,0.122032083332012,0.0762422945215608,0.0441841546606945,0.0784194736008453
74.239994,0.0667916944655258,0.128813692074308,0.0577099566882219,0.0461456951121489,0.0831653514559472
74.440001,0.0111319492094164,0.128813692074308,0.0172885288776217,0.0506231490888076,0.0784325473612729
74.64005,-0.0890555920933861,0.128813692074308,-0.0486209687471335,0.05814033531617,0.0814228599388178
74.860958,-0.211507032605994,0.122032083332012,-0.146756838651816,0.0694341960664349,0.08342137233291
75.040075,-0.345090421537046,0.122032083332012,-0.238601604971318,0.0796239645192844,0.114622496024138
75.239997,-0.500937708095958,0.135595300816604,-0.347880054757064,0.0909886781764979,0.159425205124427
75.439985,-0.667916944655258,0.128813692074308,-0.461322573170381,0.102353060792432,0.208282018755981
75.640009,-0.823764232005143,0.115250474589716,-0.57679443183829,0.114017259512273,0.24697287910595
75.860947,-0.957347620936194,0.115250474589716,-0.704041347382917,0.127080493762875,0.253582368423132
76.040039,-1.07979906065783,0.122032083332012,-0.802979416084583,0.13742967779358,0.277247545592132
76.240002,-1.21338244958888,0.128813692074308,-0.902469869064752,0.147889402702104,0.311497215820829
76.440017,-1.31356999089168,0.149158518286137,-0.983716488639145,0.156231741012353,0.329929330960435
76.640026,-1.38036168535721,0.183066561982558,-1.04200725130068,0.161872802132748,0.339017548959177
76.860087,-1.41375753298546,0.21697460566392,-1.07991297081546,0.164983228880239,0.337868754030823
77.039991,-1.42488948219488,0.250882649360341,-1.09557727455153,0.165850077662577,0.340113316929036
77.23999,-1.42488948219488,0.278009084314466,-1.10401346237533,0.166226904336218,0.339789163829462
77.440013,-1.42488948219488,0.305135519268591,-1.10892651111605,0.166712545811586,0.344954371872047
77.64008,-1.42488948219488,0.318698736738124,-1.11395365879919,0.167497323272407,0.345749842667763
77.86005,-1.44715337982274,0.32548034548042,-1.12005641985199,0.168563081864123,0.362788435376503
78.040007,-1.45828532903215,0.32548034548042,-1.12447089852966,0.169260547198998,0.36856030630928
78.240086,-1.45828532903215,0.318698736738124,-1.12839639927127,0.169690986488859,0.361980684033177
78.440041,-1.45828532903215,0.311917128010887,-1.13184896194654,0.169969914302122,0.355963078472657
78.640122,-1.44715337982274,0.305135519268591,-1.13536995796224,0.170329604742844,0.339678578568274
78.860008,-1.43602143140429,0.298353910526295,-1.13928117643172,0.170800119801576,0.322993418585325
79.04001,-1.41375753298546,0.298353910526295,-1.14228780516242,0.171134532519913,0.299800906043736
