0,0
0.0998780000000039,0.0181679464876652
0.199882999999986,0.0999046862125397
0.299860999999993,0.199560061097145
0.399866000000003,0.298722892999649
0.499887999999999,0.39774677157402
0.599873000000002,0.496650129556656
0.699855999999997,0.594934642314911
0.799889999999991,0.692368984222412
0.899872000000002,0.789256870746613
0.999912999999992,0.885816633701324
1.09990999999999,0.971697807312012
1.199933,0.999798774719238
1.299915,1
1.39996599999999,1
1.499878,0.99803364276886
1.599975,0.953759610652924
1.699871,0.861082315444946
1.799909,0.764516830444336
1.899933,0.667832434177399
1.999866,0.571011126041412
2.099873,0.474065184593201
2.199906,0.376998990774155
2.29986099999999,0.279818117618561
2.399894,0.182528525590897
2.499977,0.0851978659629822
2.600032,0.0125827109441161
2.69990199999999,-2.03635991056217e-05
2.799848,-0.0222320128232241
2.899901,-0.10544764995575
2.99994699999999,-0.203315362334251
3.09993899999999,-0.301267236471176
3.199944,-0.399298965930939
3.299886,-0.497407704591751
3.39988699999999,-0.595590174198151
3.499876,-0.69384503364563
3.59995499999999,-0.792165696620941
3.699887,-0.890553176403046
3.799925,-0.975875973701477
3.899945,-0.999960243701935
3.99996999999999,-1
4.099858,-1
4.199876,-0.995349287986755
4.29990099999999,-0.938295960426331
4.39989899999999,-0.841576755046844
4.499934,-0.744714379310608
4.59996199999999,-0.649171352386475
4.699967,-0.554860889911652
4.79992,-0.461536914110184
4.899885,-0.368872374296188
4.99991,-0.276544451713562
5.099954,-0.184268996119499
5.19994699999999,-0.0918518081307411
5.29988,-0.0177598670125008
5.399889,-5.03206729263184e-06
5.499915,-0
5.59996199999999,-0
5.699913,-0
5.799927,-0
5.89989899999999,-0
5.99994699999999,-0
6.099901,-0
6.20016199999999,-0
6.300082,-0
6.400115,-0
6.50018799999999,-0
6.60011799999999,-0
6.700152,-0
6.800207,-0
6.900147,-0
7.00025599999999,-0
7.10004599999999,-0
7.200121,-0
7.300106,-0
7.40007299999999,-0
7.500108,-0
7.60008499999999,-0
7.69981899999999,-0
7.79990699999999,-0
7.899976,-0
7.99989099999999,-0
8.099954,-0
8.199862,-0
8.29988899999999,-0
8.399873,-0
8.499937,-0
8.59988199999999,-0
8.699895,-0
8.799953,-0
8.90003299999999,-0
8.999931,-0
9.09996,-0
9.19987499999999,-0
9.28475399999999,-0.0635958413596668
