0,0.483209289174764
0.0995889999999946,0.483218938112259
0.199596,0.48347008228302
0.299570000000003,0.484722971916199
0.399584000000004,0.487935483455658
0.499582000000004,0.494074642658234
0.599522999999991,0.504099428653717
0.699595000000002,0.518872797489166
0.799598000000003,0.539188861846924
0.899574000000001,0.565907895565033
0.999583000000001,0.599907636642456
1.099569,0.642079949378967
1.19962699999999,0.693213403224945
1.29958599999999,0.753614664077759
1.399624,0.823296189308167
1.49959499999999,0.902249276638031
1.599592,0.990441262722015
1.699585,1.08753430843353
1.79957399999999,1.19278562068939
1.89954299999999,1.3053092956543
1.99952499999999,1.42424869537354
2.09957799999999,1.54870462417603
2.199561,1.67777895927429
2.299572,1.8105640411377
2.39956099999999,1.94614470005035
2.49959699999999,2.08360695838928
2.599605,2.22203707695007
2.699562,2.36078095436096
2.799538,2.49964690208435
2.899556,2.63837504386902
2.999573,2.77620983123779
3.09961899999999,2.91221284866333
3.199585,3.04543209075928
3.29956799999999,3.17491340637207
3.399604,3.29969811439514
3.49958599999999,3.41882610321045
3.599636,3.53132796287537
3.6996,3.63623952865601
3.79968599999999,3.73261880874634
3.899573,3.8195948600769
3.99960399999999,3.89694857597351
4.099529,3.96462106704712
4.19959,4.02259063720703
4.29959599999999,4.07086610794067
4.39956099999999,4.10985040664673
4.49959799999999,4.1404504776001
4.599571,4.16378450393677
4.699602,4.18100118637085
4.79954599999999,4.19317579269409
4.89959999999999,4.20128536224365
4.99958599999999,4.20621347427368
5.09958,4.20878314971924
5.199545,4.20978498458862
5.299565,4.20999193191528
5.39959499999999,4.21000099182129
5.49957499999999,4.21000099182129
5.599604,4.21000099182129
5.69955999999999,4.21000099182129
5.799575,4.21000099182129
5.899573,4.21000099182129
5.999617,4.21000099182129
6.09961199999999,4.21000099182129
6.199831,4.21000099182129
6.299836,4.21000099182129
6.399823,4.21000099182129
6.499848,4.21000099182129
6.599763,4.21000099182129
6.69979099999999,4.21000099182129
6.799817,4.21000099182129
6.899753,4.21000099182129
6.99983499999999,4.21000099182129
7.099746,4.21000099182129
7.19981199999999,4.21000099182129
7.29975499999999,4.21000099182129
7.39977499999999,4.21000099182129
7.499799,4.21000099182129
7.59978699999999,4.21000099182129
7.69957599999999,4.21000099182129
7.799594,4.21000099182129
7.899598,4.21000099182129
7.999572,4.21000099182129
8.099574,4.21000099182129
8.199583,4.21000099182129
8.29955,4.21000099182129
8.399575,4.21000099182129
8.499588,4.21000099182129
8.599575,4.21000099182129
8.69955399999999,4.21000099182129
8.799611,4.21000099182129
8.89965599999999,4.21000099182129
8.999601,4.21000099182129
9.09961899999999,4.21000099182129
9.199591,4.21000099182129
9.28475399999999,4.20999936800183
