0,-0.0103632985060469,-0.000808409815702863,2.76118146483898
0.0996360000000038,-0.0112815612950095,-0.000856352907361308,2.76631677069069
0.199643999999992,-0.013519107631002,-0.00590536778239871,2.77109235115742
0.299617999999995,-0.0135786303216626,-0.000307101744909242,2.77559389234799
0.399633999999992,-0.0220206762072672,0.012681086777657,2.78312238243353
0.499665999999991,-0.0218756192322366,0.0160664929941766,2.7916391715996
0.599609999999998,-0.0105097699290234,0.00235214912769057,2.7964107573247
0.699659999999994,-0.00497106221237706,0.00257210412741347,2.79942119462092
0.799651999999995,-0.00543283509989674,0.00968796939119269,2.80309396008025
0.899666999999994,-0.00200298790283516,-0.00470541033319571,2.80290221248177
0.999713,-0.00751473215374176,-0.0035799675591296,2.80179327220386
1.099633,-0.0115685033786006,-0.00712265138314674,2.80046036007827
1.199675,-0.0184797913173575,-0.0146425558950681,2.79993651629185
1.299634,-0.0194242855591433,-0.0168126514346706,2.79759000505539
1.39967899999999,-0.0134848267140484,-0.0152735190945514,2.79265729808434
1.49964299999999,-0.0102868935144055,-0.0116508553935275,2.78879278502653
1.599681,-0.00650939196312875,-0.00157006727084203,2.78380947799477
1.69963799999999,-0.012639182562083,0.00202107139081518,2.7810696178653
1.79966,-0.0146065127144869,0.0103545398866881,2.78185551670298
1.899629,-0.0187834145681672,0.0174704532642175,2.78487554137913
1.99966999999999,-0.0234176540018251,0.0238756261631563,2.78976350724386
2.099625,-0.0271964507232414,0.025498146654314,2.79267194547034
2.199637,-0.0271815474241099,0.0299979089364906,2.79393747962034
2.29961899999999,-0.0191756274565194,0.0251674985602239,2.79309086070981
2.39965599999999,-0.0176312395344364,0.0226055812840543,2.78971237455093
2.49965899999999,-0.0168942814832708,0.0182499501123107,2.7861754303072
2.599728,-0.0106226723547833,0.0129328761751564,2.78350028499221
2.699641,-0.00691778147450859,0.00699236662978762,2.77971247097379
2.799629,-0.00866272415202594,0.00828902751533088,2.77705117409648
2.899636,-0.00417161532287188,0.0100455851122118,2.7749645873824
2.999707,0.000944570378544508,0.0102053009165082,2.73474579491613
3.099671,0.00145676042950649,0.00929203327880087,2.72936141582421
3.199658,0.00816643211947072,0.00800346642640658,2.71933408168784
3.299644,0.0124958774477069,0.00928051302649167,2.7059961720004
3.39966799999999,0.0195878764708853,0.0133170735728059,2.69196024779125
3.49965899999999,0.0188416420886882,0.0160795268790584,2.67994752706223
3.599683,0.012123934752261,0.0195418245899729,2.67170238032734
3.699648,0.00495206430306963,0.0273231256449667,2.66687087347772
3.799733,-0.0125224913735536,0.0379512231501737,2.66661174790365
3.89966099999999,-0.0277385350825324,0.0561060422355143,2.667665560747
3.99970499999999,-0.042328028533178,0.0720736029563836,2.66861258083063
4.09965699999999,-0.053318811128151,0.0903054123643627,2.66708286110049
4.199637,-0.0570414526012694,0.106373220294327,2.66500213334081
4.299657,-0.0618043913752,0.119203722892706,2.66219968892572
4.39965699999999,-0.0638766760819855,0.129039351042478,2.65849336763666
4.499653,-0.0579065721590032,0.130927374130155,2.65415001821485
4.599665,-0.0582764935567936,0.133554840539248,2.65143306127075
4.69964999999999,-0.0528607515818465,0.130440298611536,2.65115449462072
4.799634,-0.048481670028348,0.117671381613366,2.65904517461452
4.899647,-0.0467586214478236,0.105318941397792,2.66734411720343
4.999673,-0.0415926257264771,0.089543398752707,2.68001383977337
5.099632,-0.0436214967463051,0.0740363776469072,2.69720560987427
5.199645,-0.036394638782536,0.0610558974672656,2.70167119839011
5.299632,-0.0255913905819804,0.0488321586725593,2.69957608956055
5.399646,-0.0182066779057861,0.0371149115052939,2.6982000342253
5.499624,-0.0205668752935444,0.030850642714561,2.70007037225886
5.599655,-0.0207733077287284,0.0247642938905913,2.7071373365275
5.69962699999999,-0.0191243054294811,0.0204813129211472,2.71382639823745
5.79966399999999,-0.0139724411066689,0.0238550594855192,2.71397953000013
5.899688,0.000722672363538013,0.0151663195785946,2.71001195260813
5.999735,0.0140310628998669,0.00855461281548498,2.70461878508461
6.09967499999999,0.0250350895197765,0.00268662603599636,2.70105627449441
6.199878,0.0297783687553164,-0.0115011316448054,2.69937741774323
6.29988399999999,0.0271048671100671,-0.0212963400832523,2.69943733886775
6.399913,0.0260295700468663,-0.0293297634308817,2.70044561165646
6.499909,0.0305131598672045,-0.0437221642355101,2.70125015262177
6.599813,0.0285903097064914,-0.0501473274873813,2.7026997112031
6.699851,0.0271819011251922,-0.0519366929402379,2.70406910863562
6.799905,0.0236758807590219,-0.052583695443505,2.70321103813239
6.89980299999999,0.0120456991937535,-0.0361454001940182,2.70127998002598
7.00001,-0.000176195625223277,-0.0166634873658964,2.69972815605879
7.09979299999999,-0.0136052151191848,0.00320173262545975,2.70030872517643
7.199859,-0.0273636452248333,0.0237515062116018,2.70289358933046
7.299802,-0.0368967237106108,0.0379424222350088,2.70716210392564
7.399822,-0.0441427855625529,0.0461168703653309,2.71257577778955
7.49987299999999,-0.0484848907887913,0.0474448265145745,2.71719556333251
7.59983699999999,-0.0454974607076705,0.0433356854658799,2.72132026722882
7.69962599999999,-0.0409077064671899,0.0316561740429043,2.72523644561179
7.79967599999999,-0.0383444763358267,0.0238375471207573,2.72863144336942
7.89966,-0.0337278678608229,0.0197648580894832,2.73065837527508
7.999696,-0.0227501160298399,0.0127747374615681,2.72931880524677
8.09966299999999,-0.0185139692448784,0.00396767830083823,2.72746125038644
8.199631,-0.0162655632453627,0.00548810557534024,2.72538584894894
8.299643,-0.0102972371904675,0.00323257900087478,2.7223573021573
8.39963399999999,-0.00907474742187753,0.00483026785553649,2.71929812901313
8.49968799999999,-0.00706516975579037,0.00990649944368781,2.716893827181
8.599625,-0.00857923301155466,0.0128796004697872,2.71597929766267
8.699657,-0.00768843215450432,0.0175387279760698,2.71465757081366
8.79967499999999,-0.0115849275923858,0.0220255614433919,2.71291080345468
8.899733,-0.0157676259826262,0.0275545189735863,2.71140931323209
8.999689,-0.0200263555413938,0.036812418017353,2.7088846365187
9.09967,-0.0232309352004915,0.0380058803703583,2.70560655153292
9.19963799999999,-0.0239014192944326,0.0350514693255653,2.70174576690063
9.28475399999999,-0.0250666090477084,0.0341050266048449,2.69823100051524
