Time_s,DesRoll,DesPitch,DesYaw,Roll,Pitch,Yaw
0.0996360000000038,0.0744268074631691,-0.105703920125961,155.274841308594,0.646385848522186,0.0490654073655605,158.498275756836
0.199643999999992,0.204848408699036,-0.256629019975662,155.274459838867,0.77458781003952,0.338352650403976,158.771896362305
0.299617999999995,0.327489048242569,-0.400651901960373,155.273849487305,0.777998208999634,0.0175956338644028,159.029815673828
0.399633999999992,0.373725086450577,-0.463301688432693,155.273468017578,1.26169180870056,-0.726572751998901,159.461166381836
0.499665999999991,0.326025277376175,-0.421460449695587,155.273712158203,1.25338065624237,-0.920542240142822,159.949142456055
0.599609999999998,0.295803755521774,-0.366321951150894,155.274002075195,0.602165460586548,-0.134768217802048,160.222534179688
0.699659999999994,0.318255543708801,-0.219287663698196,155.274795532227,0.284820884466171,-0.147370710968971,160.39501953125
0.799651999999995,0.362288355827332,-0.0442928671836853,155.275787353516,0.311278522014618,-0.555079758167267,160.605453491211
0.899666999999994,0.492110848426819,0.0576267167925835,155.276519775391,0.114762753248215,0.26960015296936,160.594467163086
0.999713,0.677746713161469,0.131554514169693,155.277267456055,0.430562436580658,0.205117031931877,160.53092956543
1.099633,0.864600718021393,0.159433633089066,155.277603149414,0.662826418876648,0.408097863197327,160.454559326172
1.199675,1.01851856708527,0.0675572007894516,155.276077270508,1.05881404876709,0.838956654071808,160.424545288086
1.299634,1.12794613838196,-0.0552561283111572,155.273773193359,1.11292958259583,0.963293969631195,160.290100097656
1.39967899999999,1.16860508918762,-0.20567886531353,155.270736694336,0.772623658180237,0.875108182430267,160.007476806641
1.49964299999999,1.17083144187927,-0.421244233846664,155.266342163086,0.589395582675934,0.667544841766357,159.786056518555
1.599681,1.20276522636414,-0.630030870437622,155.262023925781,0.372960686683655,0.0899582281708717,159.500534057617
1.69963799999999,1.27710461616516,-0.888774216175079,155.256423950195,0.724171817302704,-0.115798860788345,159.343551635742
1.79966,1.3686830997467,-1.11480009555817,155.251220703125,0.836891531944275,-0.593271434307098,159.388580322266
1.899629,1.39174568653107,-1.23204135894775,155.24836730957,1.07621037960052,-1.00098323822021,159.561614990234
1.99966999999999,1.30392110347748,-1.29582607746124,155.246871948242,1.34173274040222,-1.36797261238098,159.841674804688
2.099625,1.20788884162903,-1.30175805091858,155.246734619141,1.55824184417725,-1.46093618869781,160.008316040039
2.199637,1.08748245239258,-1.23923051357269,155.247985839844,1.55738794803619,-1.71875357627869,160.080825805664
2.29961899999999,0.920194864273071,-1.13024199008942,155.249893188477,1.09868252277374,-1.44199144840241,160.032318115234
2.39965599999999,0.728437781333923,-0.970730543136597,155.252151489258,1.01019561290741,-1.29520440101624,159.838745117188
2.49965899999999,0.478684723377228,-0.769725739955902,155.254287719727,0.967971026897431,-1.0456451177597,159.636093139648
2.599728,0.233137771487236,-0.595847368240356,155.255386352539,0.608634293079376,-0.740999221801758,159.482818603516
2.699641,0.0774364098906517,-0.529712438583374,155.255569458008,0.39635968208313,-0.400633096694946,159.26579284668
2.799629,-0.0646444782614708,-0.527170717716217,155.255599975586,0.496337532997131,-0.474926292896271,159.113311767578
2.899636,-0.164704471826553,-0.605225741863251,155.255783081055,0.239015951752663,-0.575569629669189,158.993759155273
2.999707,-0.357843637466431,-0.620647788047791,153.048416137695,-0.0541198961436749,-0.58472067117691,156.689392089844
3.099671,-0.359961181879044,-0.817706823348999,153.049667358398,-0.0834662243723869,-0.532394289970398,156.380889892578
3.199658,-0.307017266750336,-1.04527258872986,153.050994873047,-0.467902094125748,-0.458564847707748,155.806365966797
3.299644,-0.22243620455265,-1.29167211055756,153.052154541016,-0.715961039066315,-0.531734228134155,155.04216003418
3.39966799999999,-0.0417944006621838,-1.54166162014008,153.052749633789,-1.12230265140533,-0.763012111186981,154.23796081543
3.49965899999999,0.252058833837509,-1.82115757465363,153.052261352539,-1.07954657077789,-0.921289026737213,153.549682617188
3.599683,0.631039798259735,-2.13084530830383,153.049880981445,-0.694650292396545,-1.11966407299042,153.077270507812
3.699648,1.12440311908722,-2.56938886642456,153.043106079102,-0.283732384443283,-1.56549978256226,152.800445556641
3.799733,1.67353892326355,-3.19027829170227,153.027816772461,0.717485904693604,-2.17444491386414,152.785598754883
3.89966099999999,2.21615123748779,-3.91838026046753,153.002975463867,1.58930099010468,-3.21463942527771,152.845977783203
3.99970499999999,2.71214461326599,-4.69486713409424,152.969345092773,2.42521739006042,-4.12951326370239,152.900238037109
4.09965699999999,3.11444735527039,-5.49250650405884,152.928466796875,3.05494284629822,-5.1741189956665,152.812591552734
4.199637,3.43498063087463,-6.27034616470337,152.883666992188,3.26823449134827,-6.09473657608032,152.693374633789
4.299657,3.70092630386353,-7.0128493309021,152.837020874023,3.54113078117371,-6.82987022399902,152.532806396484
4.39965699999999,3.90074396133423,-7.63408756256104,152.795379638672,3.65986394882202,-7.39341020584106,152.320449829102
4.499653,4.03282117843628,-8.06032466888428,152.765563964844,3.31780219078064,-7.50158596038818,152.071594238281
4.599665,4.07112312316895,-8.20924663543701,152.754898071289,3.33899712562561,-7.65212869644165,151.915924072266
4.69964999999999,3.99085593223572,-7.99896907806396,152.76985168457,3.0286979675293,-7.47367858886719,151.899963378906
4.799634,3.82455730438232,-7.50372409820557,152.804000854492,2.77779507637024,-6.74207353591919,152.352066040039
4.899647,3.54329180717468,-6.79783630371094,152.849822998047,2.67907166481018,-6.03433084487915,152.827560424805
4.999673,3.21870923042297,-5.99409437179565,152.89762878418,2.38308191299438,-5.13045883178711,153.553482055664
5.099632,2.74527382850647,-5.20019006729126,152.939437866211,2.49932765960693,-4.24197196960449,154.538497924805
5.199645,2.19943189620972,-4.45739841461182,152.971633911133,2.08525919914246,-3.49824523925781,154.794357299805
5.299632,1.73363780975342,-3.79232406616211,152.994476318359,1.46627867221832,-2.79787659645081,154.67431640625
5.399646,1.37578940391541,-3.20639777183533,153.01042175293,1.04316580295563,-2.12652778625488,154.595474243164
5.499624,1.07348680496216,-2.83122897148132,153.018493652344,1.17839515209198,-1.76761162281036,154.70263671875
5.599655,0.83426308631897,-2.62347435951233,153.022003173828,1.19022285938263,-1.41888952255249,155.107543945312
5.69962699999999,0.463679164648056,-2.40770387649536,153.024444580078,1.09574198722839,-1.17349278926849,155.490798950195
5.79966399999999,0.0137807317078114,-2.04265785217285,153.02587890625,0.800561904907227,-1.36679422855377,155.499572753906
5.899688,-0.450049996376038,-1.58581447601318,153.02409362793,-0.0414060764014721,-0.868966102600098,155.272247314453
5.999735,-0.879354178905487,-1.02657234668732,153.017501831055,-0.803920686244965,-0.490143209695816,154.963241577148
6.09967499999999,-1.21116065979004,-0.379199147224426,153.005508422852,-1.43440496921539,-0.153932332992554,154.759124755859
6.199878,-1.38616764545441,0.29888990521431,152.990020751953,-1.70617485046387,0.658966302871704,154.662933349609
6.29988399999999,-1.48179888725281,1.01148355007172,152.972061157227,-1.5529944896698,1.22019040584564,154.666366577148
6.399913,-1.50664389133453,1.71829116344452,152.953582763672,-1.49138450622559,1.68047165870667,154.724136352539
6.499909,-1.4982762336731,2.31594562530518,152.937866210938,-1.74827527999878,2.50509548187256,154.770233154297
6.599813,-1.39373028278351,2.72209358215332,152.927490234375,-1.63810408115387,2.87323021888733,154.853286743164
6.699851,-1.12789118289948,2.84370398521423,152.924652099609,-1.55740821361542,2.97575330734253,154.931747436523
6.799905,-0.682756304740906,2.54131579399109,152.929244995117,-1.35652804374695,3.01282382011414,154.882583618164
6.89980299999999,-0.117436863481998,1.93059122562408,152.933410644531,-0.690167725086212,2.07097887992859,154.771942138672
7.00001,0.471755266189575,1.18455147743225,152.930969238281,0.0100952656939626,0.954747498035431,154.683029174805
7.09979299999999,1.02047967910767,0.444062530994415,152.921356201172,0.779521405696869,-0.183445766568184,154.716293334961
7.199859,1.48078072071075,-0.18437272310257,152.907623291016,1.56782138347626,-1.36086106300354,154.864395141602
7.299802,1.82810342311859,-0.67536860704422,152.89338684082,2.11402654647827,-2.17394065856934,155.108963012695
7.399822,2.03859210014343,-1.01384937763214,152.881973266602,2.5291953086853,-2.6423020362854,155.419143676758
7.49987299999999,2.08562874794006,-1.12125599384308,152.87809753418,2.77797961235046,-2.7183883190155,155.683837890625
7.59983699999999,1.97149240970612,-1.01581847667694,152.881820678711,2.60681247711182,-2.48295187950134,155.920166015625
7.69962599999999,1.76584994792938,-0.811301529407501,152.888519287109,2.34383893013001,-1.81376516819,156.144546508789
7.79967599999999,1.50674223899841,-0.601565957069397,152.894500732422,2.19697666168213,-1.36579084396362,156.339065551758
7.89966,1.24369776248932,-0.412233084440231,152.899078369141,1.93246448040009,-1.13244295120239,156.455200195312
7.999696,0.987691640853882,-0.283048868179321,152.901611328125,1.30348563194275,-0.731938540935516,156.378448486328
8.09966299999999,0.780265986919403,-0.220570713281631,152.902603149414,1.06077229976654,-0.227331221103668,156.272018432617
8.199631,0.64866054058075,-0.234462767839432,152.902435302734,0.931948125362396,-0.314445286989212,156.153106689453
8.299643,0.613004624843598,-0.345479220151901,152.901229858398,0.589988231658936,-0.185213133692741,155.979583740234
8.39963399999999,0.627467334270477,-0.506659984588623,152.899520874023,0.519944727420807,-0.276753962039948,155.804306030273
8.49968799999999,0.714740455150604,-0.678703188896179,152.897521972656,0.404804408550262,-0.567600607872009,155.666549682617
8.599625,0.832491636276245,-0.855254769325256,152.895126342773,0.491553843021393,-0.737946748733521,155.614151000977
8.699657,0.999856948852539,-1.02924394607544,152.892364501953,0.440514713525772,-1.00489509105682,155.538421630859
8.79967499999999,1.17393565177917,-1.18661284446716,152.889373779297,0.663767457008362,-1.26197171211243,155.438339233398
8.899733,1.33359801769257,-1.34809017181396,152.885848999023,0.9034184217453,-1.57875764369965,155.352310180664
8.999689,1.47009980678558,-1.46026194095612,152.883087158203,1.14742565155029,-2.10919618606567,155.207656860352
9.09967,1.55823016166687,-1.53634202480316,152.881088256836,1.33103454113007,-2.17757654190063,155.019836425781
9.19963799999999,1.6264328956604,-1.57586419582367,152.880004882813,1.36945044994354,-2.00830125808716,154.798629760742
