0,8.46955674908501e-06
0.0996360000000038,0.00184488143846312
0.199643999999992,0.0044790213547416
0.299617999999995,0.00699269484358603
0.399633999999992,0.00808613989319943
0.499665999999991,0.00735587251412393
0.599609999999998,0.00639352416991293
0.699659999999994,0.00382729174053957
0.799651999999995,0.000773056367503857
0.899666999999994,-0.00100577594514489
0.999713,-0.00229605941812268
1.099633,-0.00278264183582077
1.199675,-0.00117909558720684
1.299634,0.000964401370934147
1.39967899999999,0.00358977340148706
1.49964299999999,0.00735209883566523
1.599681,0.0109961130783423
1.69963799999999,0.015512036379087
1.79966,0.0194569321690374
1.899629,0.0215031782343836
1.99966999999999,0.0226164315849018
2.099625,0.0227199640528732
2.199637,0.0216286526530238
2.29961899999999,0.0197264440713534
2.39965599999999,0.0169424441274065
2.49965899999999,0.0134342484995802
2.599728,0.0103994984151373
2.699641,0.00924522614204812
2.799629,0.00920086474424959
2.899636,0.010563181913339
2.999707,0.0108323473966539
3.099671,0.0142716763834637
3.199658,0.0182434482541806
3.299644,0.0225439311854136
3.39966799999999,0.0269070712230744
3.49965899999999,0.0317851958753402
3.599683,0.0371902664805756
3.699648,0.0448442954831934
3.799733,0.0556808602451047
3.89966099999999,0.0683886368903114
3.99970499999999,0.0819408894336146
4.09965699999999,0.09586232268303
4.199637,0.109438185813872
4.299657,0.122397310770523
4.39965699999999,0.133239963352239
4.499653,0.140679204251752
4.599665,0.143278382896642
4.69964999999999,0.139608347177432
4.799634,0.130964691674929
4.899647,0.118644625511357
4.999673,0.104616682463095
5.099632,0.090760438403738
5.199645,0.0777962784081515
5.299632,0.0661885412571481
5.399646,0.0559621982471364
5.499624,0.0494142674302017
5.599655,0.0457882654151396
5.69962699999999,0.042022360057875
5.79966399999999,0.0356511050121319
5.899688,0.0276776839322187
5.999735,0.0179170674596184
6.09967499999999,0.00661827363982096
6.199878,-0.00521661294696347
6.29988399999999,-0.0176537182785124
6.399913,-0.0299898383100309
6.499909,-0.0404208764587342
6.599813,-0.0475094955559822
6.699851,-0.0496319974940725
6.799905,-0.0443543279380784
6.89980299999999,-0.033695173397253
7.00001,-0.0206743234405561
7.09979299999999,-0.00775035325059192
7.199859,0.00321791106900765
7.299802,0.0117874058575294
7.399822,0.0176950097589762
7.49987299999999,0.019569608850283
7.59983699999999,0.0177293770206058
7.69962599999999,0.0141598829146265
7.79967599999999,0.0104993066187718
7.89966,0.00719482460913384
7.999696,0.00494013469377256
8.09966299999999,0.00384968518023686
8.199631,0.00409214727213716
8.299643,0.00602974988887302
8.39963399999999,0.0088428849191752
8.49968799999999,0.0118456052900233
8.599625,0.0149270116681103
8.699657,0.0179636956652354
8.79967499999999,0.0207103010824074
8.899733,0.0235286121119297
8.999689,0.0254863788112473
9.09967,0.0268142267695716
9.19963799999999,0.0275040187814157
9.28475399999999,0.027001384783396
