Time_s,DAlt,Alt,CRt,ThO,ThH
0.0995889999999946,0.483218938112259,0.396279573440552,0.10430470854044,0.248241096735001,0.25000324845314
0.199596,0.48347008228302,0.408585548400879,0.137154519557953,0.246920809149742,0.25000324845314
0.299570000000003,0.484722971916199,0.418856412172318,0.118116945028305,0.261871099472046,0.25000324845314
0.399584000000004,0.487935483455658,0.431806832551956,0.0888383612036705,0.26017752289772,0.25000324845314
0.499582000000004,0.494074642658234,0.447432219982147,0.117049299180508,0.256916761398315,0.25000324845314
0.599522999999991,0.504099428653717,0.464816391468048,0.120614990592003,0.270530253648758,0.25000324845314
0.699595000000002,0.518872797489166,0.485466152429581,0.183107495307922,0.286076575517654,0.25000324845314
0.799598000000003,0.539188861846924,0.507648527622223,0.184965506196022,0.284898310899734,0.25000324845314
0.899574000000001,0.565907895565033,0.536017596721649,0.338241100311279,0.285156458616257,0.25000324845314
0.999583000000001,0.599907636642456,0.572175800800323,0.336685389280319,0.288725435733795,0.25000324845314
1.099569,0.642079949378967,0.615590035915375,0.528648436069489,0.286964684724808,0.25000324845314
1.19962699999999,0.693213403224945,0.664890766143799,0.532558798789978,0.290032237768173,0.25000324845314
1.29958599999999,0.753614664077759,0.721281707286835,0.621491193771362,0.299650490283966,0.25000324845314
1.399624,0.823296189308167,0.784731268882751,0.776064455509186,0.302034825086594,0.25000324845314
1.49959499999999,0.902249276638031,0.859717428684235,0.8152095079422,0.306952148675919,0.25000324845314
1.599592,0.990441262722015,0.947281062602997,0.961450278759003,0.303938776254654,0.25000324845314
1.699585,1.08753430843353,1.04890847206116,1.07707464694977,0.300718635320663,0.25000324845314
1.79957399999999,1.19278562068939,1.16534054279327,1.14287793636322,0.295806258916855,0.25000324845314
1.89954299999999,1.3053092956543,1.29151713848114,1.26634407043457,0.283263057470322,0.25000324845314
1.99952499999999,1.42424869537354,1.42173886299133,1.30520045757294,0.28281506896019,0.25000324845314
2.09957799999999,1.54870462417603,1.55409574508667,1.36490738391876,0.282010942697525,0.25000324845314
2.199561,1.67777895927429,1.68944180011749,1.33228313922882,0.27700001001358,0.25000324845314
2.299572,1.8105640411377,1.830246925354,1.46208250522614,0.269927382469177,0.25000324845314
2.39956099999999,1.94614470005035,1.97304809093475,1.4791157245636,0.266836673021317,0.25000324845314
2.49959699999999,2.08360695838928,2.11765623092651,1.44259643554688,0.26702019572258,0.25000324845314
2.599605,2.22203707695007,2.25942230224609,1.45118284225464,0.266187697649002,0.25000324845314
2.699562,2.36078095436096,2.39988231658936,1.44254803657532,0.266521513462067,0.25000324845314
2.799538,2.49964690208435,2.53240299224854,1.39110469818115,0.269916117191315,0.25000324845314
2.899556,2.63837504386902,2.66411232948303,1.38215851783752,0.271824270486832,0.25000324845314
2.999573,2.77620983123779,2.79627203941345,1.40315067768097,0.26399889588356,0.25000324845314
3.09961899999999,2.91221284866333,2.92779731750488,1.36780273914337,0.262263119220734,0.25000324845314
3.199585,3.04543209075928,3.05495476722717,1.33538770675659,0.259097516536713,0.25000324845314
3.29956799999999,3.17491340637207,3.18139624595642,1.33632326126099,0.258689522743225,0.25000324845314
3.399604,3.29969811439514,3.30714273452759,1.30594050884247,0.255427151918411,0.25000324845314
3.49958599999999,3.41882610321045,3.42910885810852,1.19011402130127,0.251589715480804,0.25000324845314
3.599636,3.53132796287537,3.54769778251648,1.10966074466705,0.245112046599388,0.25000324845314
3.6996,3.63623952865601,3.65829563140869,1.0858588218689,0.239520728588104,0.25000324845314
3.79968599999999,3.73261880874634,3.76238512992859,0.995575070381165,0.236063092947006,0.25000324845314
3.899573,3.8195948600769,3.85648512840271,0.86905711889267,0.233920007944107,0.25000324845314
3.99960399999999,3.89694857597351,3.94063949584961,0.788841903209686,0.23076705634594,0.25000324845314
4.099529,3.96462106704712,4.01407241821289,0.668231844902039,0.229870498180389,0.25000324845314
4.19959,4.02259063720703,4.07345294952393,0.559515058994293,0.229965656995773,0.25000324845314
4.29959599999999,4.07086610794067,4.12024116516113,0.442670196294785,0.232925981283188,0.25000324845314
4.39956099999999,4.10985040664673,4.15165710449219,0.295337647199631,0.239422842860222,0.25000324845314
4.49959799999999,4.1404504776001,4.17439079284668,0.283515989780426,0.243047475814819,0.25000324845314
4.599571,4.16378450393677,4.19318962097168,0.152671918272972,0.245759636163712,0.25000324845314
4.699602,4.18100118637085,4.20555543899536,0.0870234295725822,0.246883124113083,0.25000324845314
4.79954599999999,4.19317579269409,4.21143770217896,0.0989812463521957,0.250235468149185,0.25000324845314
4.89959999999999,4.20128536224365,4.2144193649292,0.0254770182073116,0.25733345746994,0.25000324845314
4.99958599999999,4.20621347427368,4.21513557434082,-0.0364031977951527,0.258442610502243,0.25000324845314
5.09958,4.20878314971924,4.21682262420654,-0.0636854246258736,0.260940581560135,0.25000324845314
5.199545,4.20978498458862,4.21929454803467,-0.0969563126564026,0.263398021459579,0.25000324845314
5.299565,4.20999193191528,4.22293901443481,-0.09256761521101,0.266184240579605,0.25000324845314
5.39959499999999,4.21000099182129,4.22979402542114,-0.0336730368435383,0.262459814548492,0.25000324845314
5.49957499999999,4.21000099182129,4.2369270324707,-0.103649400174618,0.264451682567596,0.250116586685181
5.599604,4.21000099182129,4.2428994178772,-0.0311387330293655,0.260836213827133,0.250254422426224
5.69955999999999,4.21000099182129,4.24986553192139,0.00875389203429222,0.260852724313736,0.250353991985321
5.799575,4.21000099182129,4.25626420974731,-0.0748900175094604,0.262892246246338,0.250469028949738
5.899573,4.21000099182129,4.26214170455933,-0.106888718903065,0.264357477426529,0.250587999820709
5.999617,4.21000099182129,4.2699294090271,-0.0538776963949203,0.260738164186478,0.250707030296326
6.09961199999999,4.21000099182129,4.27732753753662,-0.0459172539412975,0.260346263647079,0.250798910856247
6.199831,4.21000099182129,4.2834300994873,-0.0545136258006096,0.260300904512405,0.25090491771698
6.299836,4.21000099182129,4.29059028625488,-0.0576531738042831,0.257232457399368,0.250984102487564
6.399823,4.21000099182129,4.30065202713013,-0.107498839497566,0.259296655654907,0.251053810119629
6.499848,4.21000099182129,4.30826330184937,-0.0360338762402534,0.257873773574829,0.251122057437897
6.599763,4.21000099182129,4.31468296051025,-0.0878914669156075,0.260253220796585,0.251196444034576
6.69979099999999,4.21000099182129,4.3179817199707,-0.0753161907196045,0.259330093860626,0.251290112733841
6.799817,4.21000099182129,4.31668138504028,-0.113190494477749,0.259422123432159,0.251370459794998
6.899753,4.21000099182129,4.31462144851685,-0.108033984899521,0.262602001428604,0.251466512680054
6.99983499999999,4.21000099182129,4.31121349334717,-0.0812353044748306,0.260137557983398,0.251572340726852
7.099746,4.21000099182129,4.30806303024292,-0.143792256712914,0.264015793800354,0.251660823822021
7.19981199999999,4.21000099182129,4.30417060852051,-0.118028998374939,0.266298085451126,0.25180196762085
7.29975499999999,4.21000099182129,4.29598999023438,-0.12818717956543,0.264761805534363,0.251934140920639
7.39977499999999,4.21000099182129,4.28595447540283,-0.120892144739628,0.26994451880455,0.252086400985718
7.499799,4.21000099182129,4.27581262588501,-0.111570775508881,0.272199481725693,0.252276003360748
7.59978699999999,4.21000099182129,4.26591110229492,-0.0989239513874054,0.273534953594208,0.252482265233994
7.69957599999999,4.21000099182129,4.25642681121826,-0.0505993999540806,0.272817522287369,0.252679109573364
7.799594,4.21000099182129,4.24305868148804,-0.0509919449687004,0.276549369096756,0.252901315689087
7.899598,4.21000099182129,4.22768306732178,-0.0826396942138672,0.273824661970139,0.253124445676804
7.999572,4.21000099182129,4.2139778137207,-0.0367771871387959,0.271812915802002,0.253322333097458
8.099574,4.21000099182129,4.20405054092407,0.0112178912386298,0.272752970457077,0.253506362438202
8.199583,4.21000099182129,4.19550943374634,-0.0462185740470886,0.266817808151245,0.253672897815704
8.29955,4.21000099182129,4.19025659561157,0.0129711385816336,0.264564573764801,0.25378829240799
8.399575,4.21000099182129,4.18553352355957,0.0058809076435864,0.264313489198685,0.253897398710251
8.499588,4.21000099182129,4.17963123321533,0.0472472794353962,0.269158691167831,0.254024893045425
8.599575,4.21000099182129,4.17316961288452,0.018443763256073,0.267092794179916,0.254165917634964
8.69955399999999,4.21000099182129,4.16755676269531,0.062511257827282,0.270420581102371,0.254316836595535
8.799611,4.21000099182129,4.17004680633545,0.0343018062412739,0.266334474086761,0.254456639289856
8.89965599999999,4.21000099182129,4.17526149749756,0.0507460162043571,0.266703367233276,0.254575431346893
8.999601,4.21000099182129,4.17868804931641,0.0370000600814819,0.265236496925354,0.254688709974289
9.09961899999999,4.21000099182129,4.17871427536011,0.0227169562131166,0.267150163650513,0.254787504673004
9.199591,4.21000099182129,4.17590856552124,0.0255708638578653,0.267068982124329,0.254902571439743
