Time_s,VN,VE,VD
0.0990859999999998,-0.061507623642683,0.120464771986008,-0.10430470854044
0.199130999999994,-0.0397163182497025,0.10597986727953,-0.137154519557953
0.299100999999979,-0.0130412597209215,0.0794596523046494,-0.118116945028305
0.399096,-0.0449212454259396,0.0786648392677307,-0.0888383612036705
0.499107999999993,-0.0215217377990484,0.0731824934482574,-0.117049299180508
0.599102999999999,-0.0329203121364117,0.0749877244234085,-0.120614990592003
0.699091999999993,-0.0707114115357399,0.0955174788832664,-0.183107495307922
0.799086000000003,-0.0554420836269855,0.0994884371757507,-0.184965506196022
0.899132999999992,-0.00157717114780098,0.107922218739986,-0.338241100311279
0.999139,-0.0286301355808973,0.114339642226696,-0.336685389280319
1.099158,0.0245334189385176,0.10924020409584,-0.528648436069489
1.19916599999999,-0.0316974185407162,0.107156313955784,-0.532558798789978
1.299154,-0.0216572731733322,0.0874003991484642,-0.621491193771362
1.399152,0.0731601342558861,0.0723579153418541,-0.776064455509186
1.499132,0.047844409942627,0.0616092123091221,-0.8152095079422
1.59914999999999,0.0368703603744507,0.0642025768756866,-0.961450278759003
1.699129,0.0908556655049324,0.0508904866874218,-1.07707464694977
1.79916,0.0506081804633141,0.0575942434370518,-1.14287793636322
1.899152,0.0577457994222641,0.0295516215264797,-1.26634407043457
1.99908599999999,0.0617826730012894,0.00902300328016281,-1.30520045757294
2.099093,0.0261458251625299,0.00890734698623419,-1.36490738391876
2.19910899999999,-0.00978613924235106,0.00880882609635592,-1.33228313922882
2.299083,0.00266547617502511,-0.0123725784942508,-1.46208250522614
2.39913899999999,-0.065252922475338,-0.0108238197863102,-1.4791157245636
2.49911,-0.0490775108337402,-0.0285082496702671,-1.44259643554688
2.59914499999999,-0.0549489669501781,-0.0400891900062561,-1.45118284225464
2.69911399999999,-0.0808646827936172,-0.0383197627961636,-1.44254803657532
2.799098,-0.102438718080521,-0.0552697628736496,-1.39110469818115
2.899109,-0.0582193918526173,-0.0441834703087807,-1.38215851783752
2.99914699999999,-0.0236665289849043,-0.0544825717806816,-1.40315067768097
3.099169,-0.0515348017215729,-0.0587294958531857,-1.36780273914337
3.19918799999999,-0.0446663126349449,-0.0454028993844986,-1.33538770675659
3.299127,0.00553938094526529,-0.0289346389472485,-1.33632326126099
3.399083,0.0714898928999901,-0.0312599763274193,-1.30594050884247
3.499099,0.0754737555980682,0.00782618019729853,-1.19011402130127
3.599171,0.0650478228926659,0.0317004472017288,-1.10966074466705
3.69912599999999,0.115091949701309,0.0337589532136917,-1.0858588218689
3.79912899999999,0.0771197378635406,0.0640501603484154,-0.995575070381165
3.89918899999999,0.0710270628333092,0.0531419292092323,-0.86905711889267
3.99916899999999,0.00976266525685787,0.0644563212990761,-0.788841903209686
4.09911699999999,-0.0115783801302314,0.0797288715839386,-0.668231844902039
4.199089,-0.0746394470334053,0.0356462374329567,-0.559515058994293
4.29908,-0.197199836373329,0.0357314273715019,-0.442670196294785
4.399112,-0.259600937366486,0.0524686686694622,-0.295337647199631
4.49914099999999,-0.318569481372833,0.0246589388698339,-0.283515989780426
4.599108,-0.442546010017395,0.076708622276783,-0.152671918272972
4.699151,-0.502967715263367,0.0802870318293571,-0.0870234295725822
4.799156,-0.593315064907074,0.0569205433130264,-0.0989812463521957
4.89908199999999,-0.673585534095764,0.0775416642427444,-0.0254770182073116
4.99911999999999,-0.732607305049896,0.0684660822153091,0.0364031977951527
5.099142,-0.804751455783844,0.0728527083992958,0.0636854246258736
5.199151,-0.847068309783936,0.091740794479847,0.0969563126564026
5.299122,-0.832824289798737,0.0527107678353786,0.09256761521101
5.399085,-0.795744717121124,0.047548808157444,0.0336730368435383
5.499138,-0.794132709503174,0.0582906417548656,0.103649400174618
5.59909,-0.773979723453522,0.0430837348103523,0.0311387330293655
5.69913199999999,-0.76605761051178,0.00792752299457788,-0.00875389203429222
5.799105,-0.768501102924347,0.0317220389842987,0.0748900175094604
5.89912799999999,-0.770910739898682,0.0322727486491203,0.106888718903065
5.999122,-0.691572308540344,0.0461722277104855,0.0538776963949203
6.099104,-0.599139869213104,0.0407967604696751,0.0459172539412975
6.19916599999999,-0.563361346721649,0.0475731045007706,0.0545136258006096
6.29908499999999,-0.526327073574066,0.0802245438098907,0.0576531738042831
6.399125,-0.486816763877869,0.10502865165472,0.107498839497566
6.499166,-0.368139356374741,0.103399209678173,0.0360338762402534
6.59908299999999,-0.260059505701065,0.107727266848087,0.0878914669156075
6.69908599999999,-0.201690599322319,0.140373528003693,0.0753161907196045
6.799099,-0.151894688606262,0.13679076731205,0.113190494477749
6.89908799999999,-0.034540381282568,0.134810268878937,0.108033984899521
6.99915299999999,0.0238895229995251,0.117361716926098,0.0812353044748306
7.099085,0.018545301631093,0.106450691819191,0.143792256712914
7.199108,0.0199658051133156,0.120697274804115,0.118028998374939
7.299088,0.0157474782317877,0.108564488589764,0.12818717956543
7.399085,-0.0076944031752646,0.0892280787229538,0.120892144739628
7.499129,-0.0349169224500656,0.0700976774096489,0.111570775508881
7.599125,-0.0234670769423246,0.043094951659441,0.0989239513874054
7.699083,-0.0194435510784388,0.00110728805884719,0.0505993999540806
7.799108,-0.0708746686577797,-0.0140074081718922,0.0509919449687004
7.899102,-0.0900181159377098,-0.0249487571418285,0.0826396942138672
7.99910299999999,-0.0719700828194618,-0.0273207426071167,0.0367771871387959
8.099109,-0.0883430615067482,-0.0397544540464878,-0.0112178912386298
8.199123,-0.0681624412536621,-0.0412124171853065,0.0462185740470886
8.2991,-0.0258167162537575,-0.0457153916358948,-0.0129711385816336
8.39908699999999,-0.0189736895263195,-0.0520622208714485,-0.0058809076435864
8.49911299999999,0.0320845246315002,-0.0411483980715275,-0.0472472794353962
8.599081,0.03691166639328,-0.029705498367548,-0.018443763256073
8.699105,0.0413402616977692,-0.0309424735605717,-0.062511257827282
8.79912,0.0363724268972874,-0.00684042647480965,-0.0343018062412739
8.899151,0.0456972531974316,0.000259461347013712,-0.0507460162043571
8.999107,0.0488295145332813,-0.00694868247956038,-0.0370000600814819
9.099096,0.0463138893246651,0.00464166654273868,-0.0227169562131166
9.19908,0.0167032312601805,-0.00547081883996725,-0.0255708638578653
