Time_s,North_m,East_m,Up_m
0.119829999999993,0,0.0135263435155123,0.387930222826697
0.319879999999998,0,0.020307952257808,0.397930222826687
0.519977999999995,-0.0111319492094164,0.0270895610001038,0.417930222826698
0.719932999999997,-0.0111319492094164,0.0406527784696372,0.427930222826689
0.940146999999996,-0.0111319492094164,0.0542159959542288,0.467930222826681
1.11993,0,0.0745608221660579,0.517930222826692
1.319885,0,0.0813424309083537,0.597930222826676
1.519932,0.0111319492094164,0.0813424309083537,0.727930222826672
1.719936,0,0.0813424309083537,0.94793022282667
1.940037,0.0111319492094164,0.101687257120183,1.1379302228267
2.11986899999999,0.0222638984188328,0.115250474589716,1.3879302228267
2.319678,0.0111319492094164,0.108468865862479,1.65793022282668
2.51965099999998,0.0222638984188328,0.115250474589716,1.90793022282668
2.719683,0.0333958476282492,0.115250474589716,2.14793022282669
2.94019299999999,0.0445277968376656,0.108468865862479,2.39793022282669
3.119652,0.0445277968376656,0.0881240396355913,2.64793022282669
3.31969599999999,0.0333958476282492,0.0813424309083537,2.9179302228267
3.51968699999999,0.0333958476282492,0.0813424309083537,3.18793022282668
3.719683,0.0445277968376656,0.0881240396355913,3.4179302228267
3.940699,0.0556597452561094,0.108468865862479,3.6079302228267
4.119732,0.0667916944655258,0.122032083332012,3.73793022282669
4.31965099999999,0.0667916944655258,0.128813692074308,3.81793022282667
4.51965799999999,0.0111319492094164,0.128813692074308,3.8879302228267
4.719707,-0.0890555920933861,0.128813692074308,3.93793022282668
4.94061499999999,-0.211507032605994,0.122032083332012,3.93793022282668
5.119732,-0.345090421537046,0.122032083332012,3.9179302228267
5.319654,-0.500937708095958,0.135595300816604,3.90793022282668
5.51964199999999,-0.667916944655258,0.128813692074308,3.89793022282669
5.719666,-0.823764232005143,0.115250474589716,3.86793022282669
5.94060399999999,-0.957347620936194,0.115250474589716,3.84793022282668
6.11969599999999,-1.07979906065783,0.122032083332012,3.80793022282668
6.319659,-1.21338244958888,0.128813692074308,3.80793022282668
6.51967399999999,-1.31356999089168,0.149158518286137,3.79793022282669
6.719683,-1.38036168535721,0.183066561982558,3.75793022282667
6.93974399999999,-1.41375753298546,0.21697460566392,3.71793022282668
7.119648,-1.42488948219488,0.250882649360341,3.69793022282667
7.319647,-1.42488948219488,0.278009084314466,3.65793022282668
7.51966999999999,-1.42488948219488,0.305135519268591,3.61793022282669
7.71973699999999,-1.42488948219488,0.318698736738124,3.57793022282669
7.939707,-1.44715337982274,0.32548034548042,3.55793022282668
8.119664,-1.45828532903215,0.32548034548042,3.52793022282668
8.319743,-1.45828532903215,0.318698736738124,3.51793022282669
8.51969799999999,-1.45828532903215,0.311917128010887,3.49793022282668
8.719779,-1.44715337982274,0.305135519268591,3.48793022282669
8.93966499999999,-1.43602143140429,0.298353910526295,3.48793022282669
9.11966699999999,-1.41375753298546,0.298353910526295,3.48793022282669
