0,-0.0525330606756704
0.0998689999999982,-0.0525329712767597
0.199873999999994,-0.0525302592654224
0.299852000000001,-0.0525167588133808
0.399856999999997,-0.0524820987124439
0.499878999999993,-0.0524159077544208
0.599863999999997,-0.0523078147311207
0.699845999999994,-0.0521485213179584
0.799880999999999,-0.0519294444460865
0.899862999999996,-0.0516413155932423
0.999904000000001,-0.0512747172255512
1.099901,-0.0508199635882374
1.199924,-0.0502685908217426
1.29990599999999,-0.0496172610659595
1.399957,-0.048865884913921
1.499869,-0.0480145219702717
1.59996599999999,-0.0470635596652027
1.699862,-0.0460165742774006
1.79989999999999,-0.0448816422362324
1.899924,-0.0436683002848621
1.999853,-0.0423857573409077
2.099864,-0.0410437587637897
2.19989699999999,-0.0396519307036396
2.299852,-0.0382201079268452
2.399885,-0.0367581251997944
2.499968,-0.0352758470911976
2.600009,-0.0337831381697651
2.69989199999999,-0.0322870615859028
2.79983899999999,-0.030789643897533
2.89989199999999,-0.029293746127605
2.999938,-0.0278074447054859
3.099929,-0.0263409320254322
3.199923,-0.0249044004817005
3.299876,-0.0235081914801594
3.39984699999999,-0.0221626464266773
3.49986699999999,-0.0208833519358631
3.599946,-0.0198549929995533
3.69987499999999,-0.0197605196375843
3.799916,-0.0215447846789356
3.899923,-0.0261674825091358
3.999961,-0.0345909301180836
4.09984899999999,-0.047774553670406
4.199867,-0.0666791800398823
4.299892,-0.0921982828516956
4.39989,-0.124763697757244
4.49992499999999,-0.164134025945186
4.59993299999999,-0.209680140389919
4.699958,-0.260466665400982
4.79991099999999,-0.315595880522251
4.89987599999999,-0.374324400349378
4.99990099999999,-0.435991958155155
5.09994499999999,-0.49997970498991
5.199938,-0.565639824046611
5.299871,-0.632254988326549
5.39988,-0.699262470378399
5.499876,-0.766471416129589
5.599953,-0.83371183313322
5.699904,-0.900400966777324
5.79991799999999,-0.965718776359081
5.89989,-1.02882084287596
5.999938,-1.08884713090849
6.099892,-1.14492592252684
6.200153,-1.19618120826673
6.300067,-1.24172773994398
6.40010599999999,-1.28081902898741
6.50017199999999,-1.31315162815046
6.600109,-1.33878859914732
6.700143,-1.35825023092222
6.80019799999999,-1.37235376275969
6.900138,-1.38195189870787
7.000247,-1.38790437616301
7.100037,-1.39107266105604
7.200112,-1.39236155189466
7.300096,-1.39267554916334
7.40005099999999,-1.39270034469557
7.50009899999999,-1.3927005235095
7.600071,-1.3927005235095
7.69981,-1.3927005235095
7.799898,-1.3927005235095
7.899967,-1.3927005235095
7.99987899999999,-1.3927005235095
8.099924,-1.3927005235095
8.199853,-1.3927005235095
8.29988,-1.3927005235095
8.39986399999999,-1.3927005235095
8.499928,-1.3927005235095
8.59987199999999,-1.3927005235095
8.69988599999999,-1.3927005235095
8.799944,-1.3927005235095
8.900023,-1.3927005235095
8.999922,-1.3927005235095
9.09994999999999,-1.3927005235095
9.199854,-1.3927005235095
9.28475399999999,-1.40083928551251
